{
  "$schema": "node_modules/wrangler/config-schema.json",
  "name": "019a26a9-e66e-70f6-9e5d-2723545b8740",
  "main": "./src/worker/index.ts",
  "compatibility_date": "2025-06-17",
  "compatibility_flags": ["nodejs_compat"],
  "observability": {
    "enabled": true
  },
  "upload_source_maps": true,
  "assets": {
    "not_found_handling": "single-page-application"
  },
  "d1_databases": [
    {
      "binding": "DB",
      "database_name": "019a26a9-e66e-70f6-9e5d-2723545b8740",
      "database_id": "019a26a9-e66e-70f6-9e5d-2723545b8740"
    }
  ],
  "r2_buckets": [
    {
      "binding": "R2_BUCKET",
      "bucket_name": "019a26a9-e66e-70f6-9e5d-2723545b8740"
    }
  ]
}
